 NAME,GS<br> follow link to MSigDB,GS DETAILS,SIZE,ES,NES,NOM p-val,FDR q-val,FWER p-val,RANK AT MAX,LEADING EDGE,
SCAVENGING OF HEME FROM PLASMA%REACTOME%R-HSA-2168880.1,SCAVENGING OF HEME FROM PLASMA%REACTOME%R-HSA-2168880.1,Details ...,40,-0.8063364,-6.034174,0.0,0.0,0.0,244,"tags=93%, list=14%, signal=105%",
CD22 MEDIATED BCR REGULATION%REACTOME%R-HSA-5690714.2,CD22 MEDIATED BCR REGULATION%REACTOME%R-HSA-5690714.2,Details ...,40,-0.8063364,-5.988723,0.0,0.0,0.0,244,"tags=93%, list=14%, signal=105%",
ROLE OF LAT2 NTAL LAB ON CALCIUM MOBILIZATION%REACTOME%R-HSA-2730905.2,ROLE OF LAT2 NTAL LAB ON CALCIUM MOBILIZATION%REACTOME%R-HSA-2730905.2,Details ...,38,-0.80137485,-5.8750777,0.0,0.0,0.0,244,"tags=92%, list=14%, signal=104%",
CLASSICAL ANTIBODY-MEDIATED COMPLEMENT ACTIVATION%REACTOME DATABASE ID RELEASE 83%173623,CLASSICAL ANTIBODY-MEDIATED COMPLEMENT ACTIVATION%REACTOME DATABASE ID RELEASE 83%173623,Details ...,37,-0.826337,-5.856265,0.0,0.0,0.0,244,"tags=95%, list=14%, signal=107%",
CREATION OF C4 AND C2 ACTIVATORS%REACTOME DATABASE ID RELEASE 83%166786,CREATION OF C4 AND C2 ACTIVATORS%REACTOME DATABASE ID RELEASE 83%166786,Details ...,38,-0.80137485,-5.7229066,0.0,0.0,0.0,244,"tags=92%, list=14%, signal=104%",
INITIAL TRIGGERING OF COMPLEMENT%REACTOME%R-HSA-166663.2,INITIAL TRIGGERING OF COMPLEMENT%REACTOME%R-HSA-166663.2,Details ...,40,-0.7573732,-5.669757,0.0,0.0,0.0,329,"tags=93%, list=19%, signal=111%",
FCGR ACTIVATION%REACTOME%R-HSA-2029481.1,FCGR ACTIVATION%REACTOME%R-HSA-2029481.1,Details ...,44,-0.6986667,-5.480651,0.0,0.0,0.0,244,"tags=82%, list=14%, signal=92%",
FCERI MEDIATED MAPK ACTIVATION%REACTOME%R-HSA-2871796.2,FCERI MEDIATED MAPK ACTIVATION%REACTOME%R-HSA-2871796.2,Details ...,42,-0.7133794,-5.447024,0.0,0.0,0.0,244,"tags=83%, list=14%, signal=94%",
BINDING AND UPTAKE OF LIGANDS BY SCAVENGER RECEPTORS%REACTOME DATABASE ID RELEASE 83%2173782,BINDING AND UPTAKE OF LIGANDS BY SCAVENGER RECEPTORS%REACTOME DATABASE ID RELEASE 83%2173782,Details ...,46,-0.6852726,-5.4424167,0.0,0.0,0.0,244,"tags=80%, list=14%, signal=91%",
REGULATION OF COMPLEMENT CASCADE%REACTOME DATABASE ID RELEASE 83%977606,REGULATION OF COMPLEMENT CASCADE%REACTOME DATABASE ID RELEASE 83%977606,Details ...,43,-0.69393027,-5.439979,0.0,0.0,0.0,244,"tags=81%, list=14%, signal=92%",
ROLE OF PHOSPHOLIPIDS IN PHAGOCYTOSIS%REACTOME%R-HSA-2029485.1,ROLE OF PHOSPHOLIPIDS IN PHAGOCYTOSIS%REACTOME%R-HSA-2029485.1,Details ...,43,-0.69716436,-5.2624254,0.0,0.0,0.0,321,"tags=86%, list=18%, signal=102%",
COMPLEMENT CASCADE%REACTOME DATABASE ID RELEASE 83%166658,COMPLEMENT CASCADE%REACTOME DATABASE ID RELEASE 83%166658,Details ...,46,-0.65672266,-5.2521605,0.0,0.0,0.0,332,"tags=83%, list=19%, signal=99%",
FCGR3A-MEDIATED IL10 SYNTHESIS%REACTOME%R-HSA-9664323.1,FCGR3A-MEDIATED IL10 SYNTHESIS%REACTOME%R-HSA-9664323.1,Details ...,49,-0.6332084,-5.169356,0.0,0.0,0.0,321,"tags=80%, list=18%, signal=94%",
FCERI MEDIATED NF-KB ACTIVATION%REACTOME%R-HSA-2871837.2,FCERI MEDIATED NF-KB ACTIVATION%REACTOME%R-HSA-2871837.2,Details ...,50,-0.6206719,-5.118775,0.0,0.0,0.0,315,"tags=78%, list=18%, signal=92%",
FCERI MEDIATED CA+2 MOBILIZATION%REACTOME DATABASE ID RELEASE 83%2871809,FCERI MEDIATED CA+2 MOBILIZATION%REACTOME DATABASE ID RELEASE 83%2871809,Details ...,47,-0.62438,-5.0249047,0.0,0.0,0.0,244,"tags=74%, list=14%, signal=84%",
ANTIGEN ACTIVATES B CELL RECEPTOR (BCR) LEADING TO GENERATION OF SECOND MESSENGERS%REACTOME DATABASE ID RELEASE 83%983695,ANTIGEN ACTIVATES B CELL RECEPTOR (BCR) LEADING TO GENERATION OF SECOND MESSENGERS%REACTOME DATABASE ID RELEASE 83%983695,Details ...,52,-0.5920487,-4.982886,0.0,0.0,0.0,244,"tags=71%, list=14%, signal=80%",
ANTI-INFLAMMATORY RESPONSE FAVOURING LEISHMANIA PARASITE INFECTION%REACTOME DATABASE ID RELEASE 83%9662851,ANTI-INFLAMMATORY RESPONSE FAVOURING LEISHMANIA PARASITE INFECTION%REACTOME DATABASE ID RELEASE 83%9662851,Details ...,57,-0.52074325,-4.559,0.0,0.0,0.0,321,"tags=68%, list=18%, signal=81%",
LEISHMANIA PARASITE GROWTH AND SURVIVAL%REACTOME%R-HSA-9664433.1,LEISHMANIA PARASITE GROWTH AND SURVIVAL%REACTOME%R-HSA-9664433.1,Details ...,57,-0.52074325,-4.4944177,0.0,0.0,0.0,321,"tags=68%, list=18%, signal=81%",
B CELL ACTIVATION%REACTOME%R-HSA-983705.1,B CELL ACTIVATION%REACTOME%R-HSA-983705.1,Details ...,67,-0.4797079,-4.488223,0.0,0.0,0.0,321,"tags=64%, list=18%, signal=75%",
PARASITE INFECTION%REACTOME%R-HSA-9664407.1,PARASITE INFECTION%REACTOME%R-HSA-9664407.1,Details ...,61,-0.48644057,-4.4348183,0.0,0.0,0.0,244,"tags=61%, list=14%, signal=68%",
FCGR3A-MEDIATED PHAGOCYTOSIS%REACTOME DATABASE ID RELEASE 83%9664422,FCGR3A-MEDIATED PHAGOCYTOSIS%REACTOME DATABASE ID RELEASE 83%9664422,,61,-0.48644057,-4.413737,0.0,0.0,0.0,244,"tags=61%, list=14%, signal=68%",
FC EPSILON RECEPTOR (FCERI) SIGNALING%REACTOME%R-HSA-2454202.3,FC EPSILON RECEPTOR (FCERI) SIGNALING%REACTOME%R-HSA-2454202.3,,67,-0.44868687,-4.3944535,0.0,0.0,0.0,321,"tags=61%, list=18%, signal=72%",
LEISHMANIA PHAGOCYTOSIS%REACTOME%R-HSA-9664417.1,LEISHMANIA PHAGOCYTOSIS%REACTOME%R-HSA-9664417.1,,61,-0.48644057,-4.388186,0.0,0.0,0.0,244,"tags=61%, list=14%, signal=68%",
POTENTIAL THERAPEUTICS FOR SARS%REACTOME DATABASE ID RELEASE 83%9679191,POTENTIAL THERAPEUTICS FOR SARS%REACTOME DATABASE ID RELEASE 83%9679191,,61,-0.46946403,-4.205845,0.0,0.0,0.0,244,"tags=59%, list=14%, signal=66%",
REGULATION OF ACTIN DYNAMICS FOR PHAGOCYTIC CUP FORMATION%REACTOME DATABASE ID RELEASE 83%2029482,REGULATION OF ACTIN DYNAMICS FOR PHAGOCYTIC CUP FORMATION%REACTOME DATABASE ID RELEASE 83%2029482,,63,-0.4505878,-4.180699,0.0,0.0,0.0,244,"tags=57%, list=14%, signal=64%",
IMMUNOREGULATORY INTERACTIONS BETWEEN A LYMPHOID AND A NON-LYMPHOID CELL%REACTOME%R-HSA-198933.7,IMMUNOREGULATORY INTERACTIONS BETWEEN A LYMPHOID AND A NON-LYMPHOID CELL%REACTOME%R-HSA-198933.7,,109,-0.35281774,-4.1465993,0.0,0.0,0.0,309,"tags=50%, list=17%, signal=57%",
CELL SURFACE INTERACTIONS AT THE VASCULAR WALL%REACTOME DATABASE ID RELEASE 83%202733,CELL SURFACE INTERACTIONS AT THE VASCULAR WALL%REACTOME DATABASE ID RELEASE 83%202733,,77,-0.38642287,-3.9338217,0.0,0.0,0.0,244,"tags=51%, list=14%, signal=56%",
FCGAMMA RECEPTOR (FCGR) DEPENDENT PHAGOCYTOSIS%REACTOME%R-HSA-2029480.1,FCGAMMA RECEPTOR (FCGR) DEPENDENT PHAGOCYTOSIS%REACTOME%R-HSA-2029480.1,,70,-0.40782106,-3.8969595,0.0,0.0,0.0,244,"tags=53%, list=14%, signal=59%",
LEISHMANIA INFECTION%REACTOME DATABASE ID RELEASE 83%9658195,LEISHMANIA INFECTION%REACTOME DATABASE ID RELEASE 83%9658195,,84,-0.33122268,-3.4411836,0.0,0.0,0.0,244,"tags=45%, list=14%, signal=50%",
SARS-COV INFECTIONS%REACTOME%R-HSA-9679506.4,SARS-COV INFECTIONS%REACTOME%R-HSA-9679506.4,,105,-0.27307886,-3.2475142,0.0,0.0,0.0,272,"tags=41%, list=15%, signal=45%",
IMMUNE RESPONSE%GOBP%GO:0006955,IMMUNE RESPONSE%GOBP%GO:0006955,,308,-0.16034554,-3.0511262,0.0,0.0,0.0,348,"tags=33%, list=20%, signal=34%",
ALLOGRAFT REJECTION%WIKIPATHWAYS_20220510%WP2328%HOMO SAPIENS,ALLOGRAFT REJECTION%WIKIPATHWAYS_20220510%WP2328%HOMO SAPIENS,,21,-0.53544974,-2.9240403,0.0,4.1092957E-5,0.004,499,"tags=81%, list=28%, signal=111%",
VESICLE-MEDIATED TRANSPORT%REACTOME DATABASE ID RELEASE 83%5653656,VESICLE-MEDIATED TRANSPORT%REACTOME DATABASE ID RELEASE 83%5653656,,115,-0.21658023,-2.647418,0.0,3.273E-4,0.033,259,"tags=35%, list=15%, signal=38%",
ADAPTIVE IMMUNE SYSTEM%REACTOME%R-HSA-1280218.5,ADAPTIVE IMMUNE SYSTEM%REACTOME%R-HSA-1280218.5,,234,-0.16162859,-2.641652,0.0,3.36459E-4,0.035,321,"tags=32%, list=18%, signal=34%",
PD-1 SIGNALING%REACTOME DATABASE ID RELEASE 83%389948,PD-1 SIGNALING%REACTOME DATABASE ID RELEASE 83%389948,,21,-0.4872609,-2.6367354,0.0,3.6305393E-4,0.039,499,"tags=76%, list=28%, signal=105%",
TRANSLOCATION OF ZAP-70 TO IMMUNOLOGICAL SYNAPSE%REACTOME DATABASE ID RELEASE 83%202430,TRANSLOCATION OF ZAP-70 TO IMMUNOLOGICAL SYNAPSE%REACTOME DATABASE ID RELEASE 83%202430,,21,-0.4872609,-2.6282468,0.0,3.7073236E-4,0.041,499,"tags=76%, list=28%, signal=105%",
PHOSPHORYLATION OF CD3 AND TCR ZETA CHAINS%REACTOME DATABASE ID RELEASE 83%202427,PHOSPHORYLATION OF CD3 AND TCR ZETA CHAINS%REACTOME DATABASE ID RELEASE 83%202427,,22,-0.4524723,-2.5852408,0.0,4.9503165E-4,0.056,499,"tags=73%, list=28%, signal=100%",
ANTIGEN PROCESSING AND PRESENTATION OF PEPTIDE ANTIGEN%GOBP%GO:0048002,ANTIGEN PROCESSING AND PRESENTATION OF PEPTIDE ANTIGEN%GOBP%GO:0048002,,28,-0.3752043,-2.411257,0.0,0.0019071872,0.199,360,"tags=57%, list=20%, signal=71%",
GENERATION OF SECOND MESSENGER MOLECULES%REACTOME DATABASE ID RELEASE 83%202433,GENERATION OF SECOND MESSENGER MOLECULES%REACTOME DATABASE ID RELEASE 83%202433,,28,-0.3752043,-2.3195624,0.0,0.0037934252,0.368,360,"tags=57%, list=20%, signal=71%",
ANTIGEN PROCESSING AND PRESENTATION OF EXOGENOUS ANTIGEN%GOBP%GO:0019884,ANTIGEN PROCESSING AND PRESENTATION OF EXOGENOUS ANTIGEN%GOBP%GO:0019884,,19,-0.42689392,-2.2382882,0.004,0.006359304,0.553,840,"tags=89%, list=47%, signal=168%",
DOWNSTREAM TCR SIGNALING%REACTOME DATABASE ID RELEASE 83%202424,DOWNSTREAM TCR SIGNALING%REACTOME DATABASE ID RELEASE 83%202424,,35,-0.31842119,-2.2098424,0.0021978023,0.0074811233,0.619,360,"tags=51%, list=20%, signal=63%",
INFECTIOUS DISEASE%REACTOME DATABASE ID RELEASE 83%5663205,INFECTIOUS DISEASE%REACTOME DATABASE ID RELEASE 83%5663205,,193,-0.1423356,-2.2093287,0.0,0.007318653,0.619,291,"tags=29%, list=16%, signal=31%",
ANTIGEN PROCESSING AND PRESENTATION OF EXOGENOUS PEPTIDE ANTIGEN%GOBP%GO:0002478,ANTIGEN PROCESSING AND PRESENTATION OF EXOGENOUS PEPTIDE ANTIGEN%GOBP%GO:0002478,,18,-0.42415625,-2.179273,0.0,0.0087092165,0.685,834,"tags=89%, list=47%, signal=166%",
ANTIGEN PROCESSING AND PRESENTATION OF EXOGENOUS PEPTIDE ANTIGEN VIA MHC CLASS II%GOBP%GO:0019886,ANTIGEN PROCESSING AND PRESENTATION OF EXOGENOUS PEPTIDE ANTIGEN VIA MHC CLASS II%GOBP%GO:0019886,,15,-0.46825665,-2.1544225,0.0,0.009860587,0.735,834,"tags=93%, list=47%, signal=174%",
COSTIMULATION BY THE CD28 FAMILY%REACTOME%R-HSA-388841.4,COSTIMULATION BY THE CD28 FAMILY%REACTOME%R-HSA-388841.4,,32,-0.31336,-2.0320692,0.0055762082,0.020891901,0.944,509,"tags=59%, list=29%, signal=82%",
IMMUNE SYSTEM PROCESS%GOBP%GO:0002376,IMMUNE SYSTEM PROCESS%GOBP%GO:0002376,,423,-0.09464445,-1.9862242,0.01372549,0.026889576,0.979,889,"tags=57%, list=50%, signal=87%",
HEMOSTASIS%REACTOME DATABASE ID RELEASE 83%109582,HEMOSTASIS%REACTOME DATABASE ID RELEASE 83%109582,,159,-0.14017405,-1.9795955,0.014736842,0.02734066,0.984,344,"tags=32%, list=19%, signal=36%",
ANTIGEN PROCESSING AND PRESENTATION OF PEPTIDE OR POLYSACCHARIDE ANTIGEN VIA MHC CLASS II%GOBP%GO:0002504,ANTIGEN PROCESSING AND PRESENTATION OF PEPTIDE OR POLYSACCHARIDE ANTIGEN VIA MHC CLASS II%GOBP%GO:0002504,,16,-0.4096591,-1.9601971,0.0,0.030165004,0.988,834,"tags=88%, list=47%, signal=163%",
ANTIGEN PROCESSING AND PRESENTATION%GOBP%GO:0019882,ANTIGEN PROCESSING AND PRESENTATION%GOBP%GO:0019882,,33,-0.28806126,-1.9300756,0.006302521,0.035339512,0.994,360,"tags=48%, list=20%, signal=60%",
ANTIGEN PROCESSING AND PRESENTATION OF PEPTIDE ANTIGEN VIA MHC CLASS II%GOBP%GO:0002495,ANTIGEN PROCESSING AND PRESENTATION OF PEPTIDE ANTIGEN VIA MHC CLASS II%GOBP%GO:0002495,,16,-0.4096591,-1.9239634,0.0037453184,0.035900075,0.995,834,"tags=88%, list=47%, signal=163%",
RESPONSE TO BACTERIUM%GOBP%GO:0009617,RESPONSE TO BACTERIUM%GOBP%GO:0009617,,100,-0.16372333,-1.8868108,0.002079002,0.043617174,0.999,881,"tags=65%, list=50%, signal=122%",
TCR SIGNALING%REACTOME DATABASE ID RELEASE 83%202403,TCR SIGNALING%REACTOME DATABASE ID RELEASE 83%202403,,47,-0.22946456,-1.8600222,0.009861933,0.0495719,0.999,360,"tags=43%, list=20%, signal=52%",
EBOLA VIRUS INFECTION IN HOST%WIKIPATHWAYS_20220510%WP4217%HOMO SAPIENS,EBOLA VIRUS INFECTION IN HOST%WIKIPATHWAYS_20220510%WP4217%HOMO SAPIENS,,35,-0.26012954,-1.849949,0.011363637,0.051494326,1.0,360,"tags=46%, list=20%, signal=56%",
G ALPHA (I) SIGNALLING EVENTS%REACTOME DATABASE ID RELEASE 83%418594,G ALPHA (I) SIGNALLING EVENTS%REACTOME DATABASE ID RELEASE 83%418594,,45,-0.23169649,-1.7966961,0.016528925,0.06771379,1.0,1297,"tags=96%, list=73%, signal=345%",
POSITIVE REGULATION OF LEUKOCYTE MEDIATED IMMUNITY%GOBP%GO:0002705,POSITIVE REGULATION OF LEUKOCYTE MEDIATED IMMUNITY%GOBP%GO:0002705,,31,-0.26989552,-1.7797179,0.01417004,0.072899595,1.0,905,"tags=77%, list=51%, signal=155%",
POSITIVE REGULATION OF LYMPHOCYTE MEDIATED IMMUNITY%GOBP%GO:0002708,POSITIVE REGULATION OF LYMPHOCYTE MEDIATED IMMUNITY%GOBP%GO:0002708,,22,-0.3130507,-1.7532254,0.02745098,0.0826968,1.0,905,"tags=82%, list=51%, signal=165%",
LEUKOCYTE CHEMOTAXIS%GOBP%GO:0030595,LEUKOCYTE CHEMOTAXIS%GOBP%GO:0030595,,39,-0.22851068,-1.7074442,0.026639344,0.10293441,1.0,1289,"tags=95%, list=73%, signal=338%",
NEUTROPHIL MIGRATION%GOBP%GO:1990266,NEUTROPHIL MIGRATION%GOBP%GO:1990266,,26,-0.28408796,-1.6752166,0.038617887,0.11916665,1.0,870,"tags=77%, list=49%, signal=149%",
MYELOID LEUKOCYTE MIGRATION%GOBP%GO:0097529,MYELOID LEUKOCYTE MIGRATION%GOBP%GO:0097529,,31,-0.24682502,-1.6289703,0.050880626,0.1468703,1.0,1289,"tags=97%, list=73%, signal=347%",
GPCR LIGAND BINDING%REACTOME%R-HSA-500792.3,GPCR LIGAND BINDING%REACTOME%R-HSA-500792.3,,43,-0.21009402,-1.614981,0.039179105,0.15457225,1.0,1289,"tags=93%, list=73%, signal=331%",
GRANULOCYTE MIGRATION%GOBP%GO:0097530,GRANULOCYTE MIGRATION%GOBP%GO:0097530,,28,-0.25490355,-1.6046294,0.03984064,0.16008143,1.0,1268,"tags=96%, list=71%, signal=332%",
DETECTION OF STIMULUS%GOBP%GO:0051606,DETECTION OF STIMULUS%GOBP%GO:0051606,,21,-0.2956451,-1.5945543,0.052734375,0.16537093,1.0,1089,"tags=90%, list=61%, signal=231%",
CELL CHEMOTAXIS%GOBP%GO:0060326,CELL CHEMOTAXIS%GOBP%GO:0060326,,44,-0.21184124,-1.5944686,0.047348484,0.16281225,1.0,1289,"tags=93%, list=73%, signal=331%",
CHEMOKINE RECEPTORS BIND CHEMOKINES%REACTOME DATABASE ID RELEASE 83%380108,CHEMOKINE RECEPTORS BIND CHEMOKINES%REACTOME DATABASE ID RELEASE 83%380108,,17,-0.3133131,-1.547707,0.06420233,0.19915783,1.0,808,"tags=76%, list=45%, signal=139%",
CLASS A 1 (RHODOPSIN-LIKE RECEPTORS)%REACTOME%R-HSA-373076.8,CLASS A 1 (RHODOPSIN-LIKE RECEPTORS)%REACTOME%R-HSA-373076.8,,36,-0.21666658,-1.5425546,0.06092437,0.20053759,1.0,808,"tags=67%, list=45%, signal=120%",
PEPTIDE LIGAND-BINDING RECEPTORS%REACTOME%R-HSA-375276.6,PEPTIDE LIGAND-BINDING RECEPTORS%REACTOME%R-HSA-375276.6,,24,-0.25742012,-1.5379758,0.057654075,0.20173316,1.0,808,"tags=71%, list=45%, signal=128%",
NEUTROPHIL CHEMOTAXIS%GOBP%GO:0030593,NEUTROPHIL CHEMOTAXIS%GOBP%GO:0030593,,24,-0.2642694,-1.5247657,0.046653144,0.2106101,1.0,870,"tags=75%, list=49%, signal=145%",
ANTIMICROBIAL HUMORAL RESPONSE%GOBP%GO:0019730,ANTIMICROBIAL HUMORAL RESPONSE%GOBP%GO:0019730,,25,-0.2556711,-1.5157356,0.053949904,0.21657561,1.0,761,"tags=68%, list=43%, signal=117%",
POSITIVE REGULATION OF ADAPTIVE IMMUNE RESPONSE BASED ON SOMATIC RECOMBINATION OF IMMUNE RECEPTORS BUILT FROM IMMUNOGLOBULIN SUPERFAMILY DOMAINS%GOBP%GO:0002824,POSITIVE REGULATION OF ADAPTIVE IMMUNE RESPONSE BASED ON SOMATIC RECOMBINATION OF IMMUNE RECEPTORS BUILT FROM IMMUNOGLOBULIN SUPERFAMILY DOMAINS%GOBP%GO:0002824,,22,-0.26702604,-1.5103718,0.06613226,0.21867597,1.0,905,"tags=77%, list=51%, signal=156%",
SELENIUM MICRONUTRIENT NETWORK%WIKIPATHWAYS_20220510%WP15%HOMO SAPIENS,SELENIUM MICRONUTRIENT NETWORK%WIKIPATHWAYS_20220510%WP15%HOMO SAPIENS,,15,-0.3206133,-1.5080819,0.06276151,0.21769686,1.0,502,"tags=60%, list=28%, signal=83%",
DEFENSE RESPONSE TO OTHER ORGANISM%GOBP%GO:0098542,DEFENSE RESPONSE TO OTHER ORGANISM%GOBP%GO:0098542,,152,-0.11057853,-1.4973332,0.06860707,0.22450049,1.0,873,"tags=59%, list=49%, signal=106%",
ACTIVATION OF IMMUNE RESPONSE%GOBP%GO:0002253,ACTIVATION OF IMMUNE RESPONSE%GOBP%GO:0002253,,114,-0.12426399,-1.4943858,0.060869563,0.22424541,1.0,885,"tags=61%, list=50%, signal=115%",
TOLL-LIKE RECEPTOR SIGNALING PATHWAY%WIKIPATHWAYS_20220510%WP75%HOMO SAPIENS,TOLL-LIKE RECEPTOR SIGNALING PATHWAY%WIKIPATHWAYS_20220510%WP75%HOMO SAPIENS,,18,-0.29086083,-1.4937674,0.079696395,0.22187836,1.0,871,"tags=78%, list=49%, signal=151%",
POSITIVE REGULATION OF CELL KILLING%GOBP%GO:0031343,POSITIVE REGULATION OF CELL KILLING%GOBP%GO:0031343,,22,-0.26702604,-1.4908304,0.07858546,0.22151887,1.0,905,"tags=77%, list=51%, signal=156%",
POSITIVE REGULATION OF CYTOKINE PRODUCTION INVOLVED IN IMMUNE RESPONSE%GOBP%GO:0002720,POSITIVE REGULATION OF CYTOKINE PRODUCTION INVOLVED IN IMMUNE RESPONSE%GOBP%GO:0002720,,16,-0.30625,-1.48845,0.06177606,0.2208654,1.0,905,"tags=81%, list=51%, signal=164%",
GRANULOCYTE CHEMOTAXIS%GOBP%GO:0071621,GRANULOCYTE CHEMOTAXIS%GOBP%GO:0071621,,26,-0.25182417,-1.4867078,0.07184466,0.21968621,1.0,1268,"tags=96%, list=71%, signal=331%",
NETWORK MAP OF SARS-COV-2 SIGNALING PATHWAY%WIKIPATHWAYS_20220510%WP5115%HOMO SAPIENS,NETWORK MAP OF SARS-COV-2 SIGNALING PATHWAY%WIKIPATHWAYS_20220510%WP5115%HOMO SAPIENS,,42,-0.18586244,-1.4614522,0.06888889,0.24158044,1.0,905,"tags=69%, list=51%, signal=137%",
POSITIVE REGULATION OF T CELL MEDIATED IMMUNITY%GOBP%GO:0002711,POSITIVE REGULATION OF T CELL MEDIATED IMMUNITY%GOBP%GO:0002711,,16,-0.30738637,-1.4581971,0.076767676,0.24176271,1.0,903,"tags=81%, list=51%, signal=164%",
REGULATION OF T CELL MEDIATED CYTOTOXICITY%GOBP%GO:0001914,REGULATION OF T CELL MEDIATED CYTOTOXICITY%GOBP%GO:0001914,,16,-0.30056822,-1.4470321,0.07900208,0.2501495,1.0,360,"tags=50%, list=20%, signal=62%",
RESPONSE TO OTHER ORGANISM%GOBP%GO:0051707,RESPONSE TO OTHER ORGANISM%GOBP%GO:0051707,,198,-0.090333454,-1.4201471,0.08282828,0.27703977,1.0,881,"tags=58%, list=50%, signal=102%",
KERATINIZATION%REACTOME DATABASE ID RELEASE 83%6805567,KERATINIZATION%REACTOME DATABASE ID RELEASE 83%6805567,,43,-0.18999158,-1.4173516,0.09832636,0.27694064,1.0,663,"tags=56%, list=37%, signal=87%",
POSITIVE REGULATION OF LEUKOCYTE MEDIATED CYTOTOXICITY%GOBP%GO:0001912,POSITIVE REGULATION OF LEUKOCYTE MEDIATED CYTOTOXICITY%GOBP%GO:0001912,,19,-0.27448106,-1.4111049,0.09255533,0.2809095,1.0,360,"tags=47%, list=20%, signal=59%",
VITAMIN D RECEPTOR PATHWAY%WIKIPATHWAYS_20220510%WP2877%HOMO SAPIENS,VITAMIN D RECEPTOR PATHWAY%WIKIPATHWAYS_20220510%WP2877%HOMO SAPIENS,,30,-0.21500574,-1.3969184,0.1015625,0.29419857,1.0,632,"tags=57%, list=36%, signal=86%",
DEFENSE RESPONSE TO GRAM-POSITIVE BACTERIUM%GOBP%GO:0050830,DEFENSE RESPONSE TO GRAM-POSITIVE BACTERIUM%GOBP%GO:0050830,,18,-0.27265835,-1.3910786,0.11087866,0.29781014,1.0,903,"tags=78%, list=51%, signal=157%",
RESPONSE TO EXTERNAL BIOTIC STIMULUS%GOBP%GO:0043207,RESPONSE TO EXTERNAL BIOTIC STIMULUS%GOBP%GO:0043207,,198,-0.090333454,-1.389259,0.13085938,0.2965505,1.0,881,"tags=58%, list=50%, signal=102%",
ADENYLATE CYCLASE-MODULATING G PROTEIN-COUPLED RECEPTOR SIGNALING PATHWAY%GOBP%GO:0007188,ADENYLATE CYCLASE-MODULATING G PROTEIN-COUPLED RECEPTOR SIGNALING PATHWAY%GOBP%GO:0007188,,16,-0.28806818,-1.3856097,0.11965812,0.29747593,1.0,1270,"tags=100%, list=72%, signal=348%",
REGULATION OF VIRAL GENOME REPLICATION%GOBP%GO:0045069,REGULATION OF VIRAL GENOME REPLICATION%GOBP%GO:0045069,,20,-0.25318915,-1.3764756,0.10784314,0.3053551,1.0,622,"tags=60%, list=35%, signal=91%",
POSITIVE REGULATION OF PEPTIDYL-TYROSINE PHOSPHORYLATION%GOBP%GO:0050731,POSITIVE REGULATION OF PEPTIDYL-TYROSINE PHOSPHORYLATION%GOBP%GO:0050731,,26,-0.22448355,-1.3483319,0.1403162,0.3377067,1.0,906,"tags=73%, list=51%, signal=147%",
RESPONSE TO FUNGUS%GOBP%GO:0009620,RESPONSE TO FUNGUS%GOBP%GO:0009620,,15,-0.28926745,-1.3466344,0.13582677,0.33605024,1.0,794,"tags=73%, list=45%, signal=132%",
IMMUNE RESPONSE-ACTIVATING SIGNALING PATHWAY%GOBP%GO:0002757,IMMUNE RESPONSE-ACTIVATING SIGNALING PATHWAY%GOBP%GO:0002757,,106,-0.11275586,-1.3410434,0.13849287,0.3397263,1.0,885,"tags=60%, list=50%, signal=113%",
CELLULAR RESPONSE TO CHEMOKINE%GOBP%GO:1990869,CELLULAR RESPONSE TO CHEMOKINE%GOBP%GO:1990869,,17,-0.26853505,-1.3380142,0.15352698,0.3402844,1.0,51,"tags=29%, list=3%, signal=30%",
RESPONSE TO CHEMOKINE%GOBP%GO:1990868,RESPONSE TO CHEMOKINE%GOBP%GO:1990868,,17,-0.26853505,-1.3379778,0.12269939,0.33663857,1.0,51,"tags=29%, list=3%, signal=30%",
REGULATION OF CHEMOTAXIS%GOBP%GO:0050920,REGULATION OF CHEMOTAXIS%GOBP%GO:0050920,,35,-0.19133495,-1.3338448,0.14137214,0.3386408,1.0,632,"tags=54%, list=36%, signal=83%",
DOWNSTREAM SIGNALING IN NAIVE CD8+ T CELLS%PATHWAY INTERACTION DATABASE NCI-NATURE CURATED DATA%DOWNSTREAM SIGNALING IN NAIVE CD8+ T CELLS,DOWNSTREAM SIGNALING IN NAIVE CD8+ T CELLS%PATHWAY INTERACTION DATABASE NCI-NATURE CURATED DATA%DOWNSTREAM SIGNALING IN NAIVE CD8+ T CELLS,,19,-0.25075638,-1.3323723,0.1417004,0.33689386,1.0,1056,"tags=84%, list=59%, signal=205%",
G PROTEIN-COUPLED RECEPTOR SIGNALING PATHWAY%GOBP%GO:0007186,G PROTEIN-COUPLED RECEPTOR SIGNALING PATHWAY%GOBP%GO:0007186,,69,-0.13420442,-1.3109521,0.15102041,0.36185485,1.0,1342,"tags=88%, list=76%, signal=348%",
IMMUNE RESPONSE-REGULATING CELL SURFACE RECEPTOR SIGNALING PATHWAY%GOBP%GO:0002768,IMMUNE RESPONSE-REGULATING CELL SURFACE RECEPTOR SIGNALING PATHWAY%GOBP%GO:0002768,,97,-0.11370926,-1.3002758,0.16367266,0.3730017,1.0,634,"tags=46%, list=36%, signal=68%",
ADAPTIVE IMMUNE RESPONSE%GOBP%GO:0002250,ADAPTIVE IMMUNE RESPONSE%GOBP%GO:0002250,,64,-0.13595197,-1.2983568,0.14677104,0.3720063,1.0,906,"tags=64%, list=51%, signal=126%",
PID_CD8_TCR_DOWNSTREAM_PATHWAY%MSIGDB_C2%PID_CD8_TCR_DOWNSTREAM_PATHWAY,PID_CD8_TCR_DOWNSTREAM_PATHWAY%MSIGDB_C2%PID_CD8_TCR_DOWNSTREAM_PATHWAY,,15,-0.2770017,-1.2811089,0.168357,0.3931758,1.0,934,"tags=80%, list=53%, signal=167%",
RESPONSE TO BIOTIC STIMULUS%GOBP%GO:0009607,RESPONSE TO BIOTIC STIMULUS%GOBP%GO:0009607,,206,-0.0819744,-1.2762911,0.1796875,0.39644235,1.0,881,"tags=57%, list=50%, signal=100%",
NUCLEOBASE-CONTAINING COMPOUND CATABOLIC PROCESS%GOBP%GO:0034655,NUCLEOBASE-CONTAINING COMPOUND CATABOLIC PROCESS%GOBP%GO:0034655,,25,-0.21162772,-1.2636628,0.19455253,0.41162428,1.0,625,"tags=56%, list=35%, signal=85%",
REGULATION OF CHEMOKINE PRODUCTION%GOBP%GO:0032642,REGULATION OF CHEMOKINE PRODUCTION%GOBP%GO:0032642,,19,-0.23538928,-1.2501467,0.19493178,0.42833424,1.0,1083,"tags=84%, list=61%, signal=214%",
POSITIVE REGULATION OF LEUKOCYTE CHEMOTAXIS%GOBP%GO:0002690,POSITIVE REGULATION OF LEUKOCYTE CHEMOTAXIS%GOBP%GO:0002690,,21,-0.22474563,-1.2471497,0.18945312,0.4287797,1.0,1298,"tags=95%, list=73%, signal=350%",
REGULATION OF INTERLEUKIN-10 PRODUCTION%GOBP%GO:0032653,REGULATION OF INTERLEUKIN-10 PRODUCTION%GOBP%GO:0032653,,17,-0.24683149,-1.2334781,0.20867768,0.4464082,1.0,716,"tags=65%, list=40%, signal=107%",
IMMUNE RESPONSE-ACTIVATING CELL SURFACE RECEPTOR SIGNALING PATHWAY%GOBP%GO:0002429,IMMUNE RESPONSE-ACTIVATING CELL SURFACE RECEPTOR SIGNALING PATHWAY%GOBP%GO:0002429,,91,-0.11079679,-1.226192,0.21553399,0.45392674,1.0,634,"tags=46%, list=36%, signal=68%",
T CELL RECEPTOR SIGNALING PATHWAY%GOBP%GO:0050852,T CELL RECEPTOR SIGNALING PATHWAY%GOBP%GO:0050852,,41,-0.16367452,-1.2213511,0.212,0.45729303,1.0,670,"tags=54%, list=38%, signal=84%",
IMMUNE RESPONSE-REGULATING SIGNALING PATHWAY%GOBP%GO:0002764,IMMUNE RESPONSE-REGULATING SIGNALING PATHWAY%GOBP%GO:0002764,,113,-0.101639755,-1.2186942,0.21489362,0.45736113,1.0,885,"tags=59%, list=50%, signal=111%",
ANTIGEN RECEPTOR-MEDIATED SIGNALING PATHWAY%GOBP%GO:0050851,ANTIGEN RECEPTOR-MEDIATED SIGNALING PATHWAY%GOBP%GO:0050851,,62,-0.13083872,-1.199448,0.23108384,0.48523918,1.0,321,"tags=31%, list=18%, signal=36%",
REGULATION OF MICROTUBULE-BASED PROCESS%GOBP%GO:0032886,REGULATION OF MICROTUBULE-BASED PROCESS%GOBP%GO:0032886,,16,-0.25795454,-1.1984315,0.22417153,0.48246437,1.0,1212,"tags=94%, list=68%, signal=293%",
POSITIVE REGULATION OF CHEMOTAXIS%GOBP%GO:0050921,POSITIVE REGULATION OF CHEMOTAXIS%GOBP%GO:0050921,,25,-0.19241579,-1.1738473,0.25256673,0.5212404,1.0,1298,"tags=92%, list=73%, signal=337%",
REGULATION OF VIRAL LIFE CYCLE%GOBP%GO:1903900,REGULATION OF VIRAL LIFE CYCLE%GOBP%GO:1903900,,28,-0.18331154,-1.1681621,0.26692456,0.5267031,1.0,632,"tags=54%, list=36%, signal=82%",
PID_IL12_2PATHWAY%MSIGDB_C2%PID_IL12_2PATHWAY,PID_IL12_2PATHWAY%MSIGDB_C2%PID_IL12_2PATHWAY,,20,-0.21924834,-1.1522014,0.26946107,0.55073327,1.0,948,"tags=75%, list=53%, signal=159%",
REGULATION OF LEUKOCYTE CHEMOTAXIS%GOBP%GO:0002688,REGULATION OF LEUKOCYTE CHEMOTAXIS%GOBP%GO:0002688,,24,-0.19634703,-1.1493254,0.28336754,0.55102265,1.0,1433,"tags=100%, list=81%, signal=511%",
INFLAMMATORY RESPONSE%GOBP%GO:0006954,INFLAMMATORY RESPONSE%GOBP%GO:0006954,,77,-0.11074505,-1.1453657,0.26626018,0.5537077,1.0,1289,"tags=83%, list=73%, signal=290%",
MHC CLASS II ANTIGEN PRESENTATION%REACTOME%R-HSA-2132295.3,MHC CLASS II ANTIGEN PRESENTATION%REACTOME%R-HSA-2132295.3,,26,-0.19371435,-1.1447004,0.30321285,0.55006194,1.0,550,"tags=50%, list=31%, signal=71%",
POSITIVE REGULATION OF CALCIUM ION TRANSPORT%GOBP%GO:0051928,POSITIVE REGULATION OF CALCIUM ION TRANSPORT%GOBP%GO:0051928,,16,-0.23579551,-1.1431544,0.27755103,0.5482298,1.0,141,"tags=31%, list=8%, signal=34%",
DEFENSE RESPONSE TO BACTERIUM%GOBP%GO:0042742,DEFENSE RESPONSE TO BACTERIUM%GOBP%GO:0042742,,51,-0.13132113,-1.1391882,0.30181086,0.55070865,1.0,854,"tags=61%, list=48%, signal=114%",
POSITIVE REGULATION OF DNA-BINDING TRANSCRIPTION FACTOR ACTIVITY%GOBP%GO:0051091,POSITIVE REGULATION OF DNA-BINDING TRANSCRIPTION FACTOR ACTIVITY%GOBP%GO:0051091,,41,-0.1506993,-1.1374718,0.28309572,0.5491696,1.0,1169,"tags=80%, list=66%, signal=230%",
POSITIVE REGULATION OF INTERLEUKIN-6 PRODUCTION%GOBP%GO:0032755,POSITIVE REGULATION OF INTERLEUKIN-6 PRODUCTION%GOBP%GO:0032755,,26,-0.18426377,-1.1235783,0.28425357,0.5700278,1.0,1113,"tags=81%, list=63%, signal=213%",
POSITIVE REGULATION OF VASCULATURE DEVELOPMENT%GOBP%GO:1904018,POSITIVE REGULATION OF VASCULATURE DEVELOPMENT%GOBP%GO:1904018,,17,-0.22345586,-1.1211134,0.30227745,0.56984246,1.0,1175,"tags=88%, list=66%, signal=258%",
RESPONSE TO RADIATION%GOBP%GO:0009314,RESPONSE TO RADIATION%GOBP%GO:0009314,,30,-0.1722795,-1.1148466,0.30136988,0.57673407,1.0,1121,"tags=80%, list=63%, signal=213%",
CELLULAR RESPONSE TO BIOTIC STIMULUS%GOBP%GO:0071216,CELLULAR RESPONSE TO BIOTIC STIMULUS%GOBP%GO:0071216,,41,-0.1436001,-1.104537,0.3013972,0.59126323,1.0,1138,"tags=78%, list=64%, signal=212%",
BIOLOGICAL PROCESS INVOLVED IN INTERSPECIES INTERACTION BETWEEN ORGANISMS%GOBP%GO:0044419,BIOLOGICAL PROCESS INVOLVED IN INTERSPECIES INTERACTION BETWEEN ORGANISMS%GOBP%GO:0044419,,210,-0.06991474,-1.1017039,0.35559922,0.5917488,1.0,881,"tags=56%, list=50%, signal=97%",
REGULATION OF INTERLEUKIN-6 PRODUCTION%GOBP%GO:0032675,REGULATION OF INTERLEUKIN-6 PRODUCTION%GOBP%GO:0032675,,37,-0.15468657,-1.0959551,0.3340249,0.5977069,1.0,1268,"tags=86%, list=71%, signal=296%",
REGULATION OF INTERLEUKIN-12 PRODUCTION%GOBP%GO:0032655,REGULATION OF INTERLEUKIN-12 PRODUCTION%GOBP%GO:0032655,,20,-0.20580873,-1.094593,0.3375,0.59548676,1.0,794,"tags=65%, list=45%, signal=116%",
HALLMARK_INTERFERON_ALPHA_RESPONSE%MSIGDBHALLMARK%HALLMARK_INTERFERON_ALPHA_RESPONSE,HALLMARK_INTERFERON_ALPHA_RESPONSE%MSIGDBHALLMARK%HALLMARK_INTERFERON_ALPHA_RESPONSE,,29,-0.16558434,-1.089247,0.33855185,0.60070705,1.0,1304,"tags=90%, list=73%, signal=332%",
HUMORAL IMMUNE RESPONSE%GOBP%GO:0006959,HUMORAL IMMUNE RESPONSE%GOBP%GO:0006959,,42,-0.14211549,-1.0870616,0.34108528,0.60002893,1.0,854,"tags=62%, list=48%, signal=116%",
RESPONSE TO INTERLEUKIN-1%GOBP%GO:0070555,RESPONSE TO INTERLEUKIN-1%GOBP%GO:0070555,,17,-0.22278714,-1.065331,0.36051503,0.63742334,1.0,27,"tags=24%, list=2%, signal=24%",
POSITIVE REGULATION OF ANGIOGENESIS%GOBP%GO:0045766,POSITIVE REGULATION OF ANGIOGENESIS%GOBP%GO:0045766,,17,-0.22345586,-1.0650536,0.3773585,0.632998,1.0,1175,"tags=88%, list=66%, signal=258%",
REGULATION OF VIRAL PROCESS%GOBP%GO:0050792,REGULATION OF VIRAL PROCESS%GOBP%GO:0050792,,31,-0.16369344,-1.0648118,0.37021276,0.62863475,1.0,632,"tags=52%, list=36%, signal=79%",
POSITIVE REGULATION OF MONONUCLEAR CELL MIGRATION%GOBP%GO:0071677,POSITIVE REGULATION OF MONONUCLEAR CELL MIGRATION%GOBP%GO:0071677,,23,-0.18514846,-1.0467046,0.3881188,0.65940946,1.0,1298,"tags=91%, list=73%, signal=335%",
B CELL RECEPTOR SIGNALING PATHWAY%GOBP%GO:0050853,B CELL RECEPTOR SIGNALING PATHWAY%GOBP%GO:0050853,,26,-0.17340669,-1.0453731,0.38549617,0.65702206,1.0,244,"tags=31%, list=14%, signal=35%",
SARS-COV-2 INNATE IMMUNITY EVASION AND CELL-SPECIFIC IMMUNE RESPONSE%WIKIPATHWAYS_20220510%WP5039%HOMO SAPIENS,SARS-COV-2 INNATE IMMUNITY EVASION AND CELL-SPECIFIC IMMUNE RESPONSE%WIKIPATHWAYS_20220510%WP5039%HOMO SAPIENS,,16,-0.22159094,-1.0388498,0.3625731,0.6648657,1.0,832,"tags=69%, list=47%, signal=128%",
POSITIVE REGULATION OF ADAPTIVE IMMUNE RESPONSE%GOBP%GO:0002821,POSITIVE REGULATION OF ADAPTIVE IMMUNE RESPONSE%GOBP%GO:0002821,,25,-0.17343238,-1.0368412,0.3880266,0.6638985,1.0,905,"tags=68%, list=51%, signal=137%",
POSITIVE REGULATION OF IMMUNE RESPONSE%GOBP%GO:0050778,POSITIVE REGULATION OF IMMUNE RESPONSE%GOBP%GO:0050778,,169,-0.07210363,-1.0340351,0.42479676,0.6644201,1.0,915,"tags=58%, list=52%, signal=108%",
POSITIVE REGULATION OF PRODUCTION OF MOLECULAR MEDIATOR OF IMMUNE RESPONSE%GOBP%GO:0002702,POSITIVE REGULATION OF PRODUCTION OF MOLECULAR MEDIATOR OF IMMUNE RESPONSE%GOBP%GO:0002702,,25,-0.17343238,-1.0309979,0.3821656,0.6653823,1.0,905,"tags=68%, list=51%, signal=137%",
LYMPHOCYTE MIGRATION%GOBP%GO:0072676,LYMPHOCYTE MIGRATION%GOBP%GO:0072676,,19,-0.19800505,-1.0304604,0.40368852,0.661549,1.0,27,"tags=21%, list=2%, signal=21%",
NEGATIVE REGULATION OF VIRAL GENOME REPLICATION%GOBP%GO:0045071,NEGATIVE REGULATION OF VIRAL GENOME REPLICATION%GOBP%GO:0045071,,17,-0.2070696,-1.0299064,0.41260162,0.65781444,1.0,577,"tags=53%, list=32%, signal=78%",
DEFENSE RESPONSE TO GRAM-NEGATIVE BACTERIUM%GOBP%GO:0050829,DEFENSE RESPONSE TO GRAM-NEGATIVE BACTERIUM%GOBP%GO:0050829,,16,-0.20909093,-1.0276519,0.40208334,0.6573536,1.0,854,"tags=69%, list=48%, signal=131%",
RAS SIGNALING%WIKIPATHWAYS_20220510%WP4223%HOMO SAPIENS,RAS SIGNALING%WIKIPATHWAYS_20220510%WP4223%HOMO SAPIENS,,21,-0.18567362,-1.0254389,0.42741936,0.65699035,1.0,690,"tags=57%, list=39%, signal=92%",
REGULATION OF PEPTIDYL-TYROSINE PHOSPHORYLATION%GOBP%GO:0050730,REGULATION OF PEPTIDYL-TYROSINE PHOSPHORYLATION%GOBP%GO:0050730,,43,-0.1356431,-1.0239141,0.41897234,0.6551333,1.0,1005,"tags=70%, list=57%, signal=157%",
SARS-COV-2-HOST INTERACTIONS%REACTOME DATABASE ID RELEASE 83%9705683,SARS-COV-2-HOST INTERACTIONS%REACTOME DATABASE ID RELEASE 83%9705683,,28,-0.15879372,-1.0162393,0.4074074,0.6648419,1.0,548,"tags=46%, list=31%, signal=66%",
SARS-COV-2 ACTIVATES MODULATES INNATE AND ADAPTIVE IMMUNE RESPONSES%REACTOME%R-HSA-9705671.1,SARS-COV-2 ACTIVATES MODULATES INNATE AND ADAPTIVE IMMUNE RESPONSES%REACTOME%R-HSA-9705671.1,,23,-0.17249942,-0.98548657,0.4556962,0.7206064,1.0,548,"tags=48%, list=31%, signal=68%",
CELLULAR NITROGEN COMPOUND CATABOLIC PROCESS%GOBP%GO:0044270,CELLULAR NITROGEN COMPOUND CATABOLIC PROCESS%GOBP%GO:0044270,,28,-0.15102975,-0.9834627,0.4606299,0.7195163,1.0,625,"tags=50%, list=35%, signal=76%",
REGULATION OF DNA-BINDING TRANSCRIPTION FACTOR ACTIVITY%GOBP%GO:0051090,REGULATION OF DNA-BINDING TRANSCRIPTION FACTOR ACTIVITY%GOBP%GO:0051090,,59,-0.108664006,-0.9821802,0.48192772,0.7171502,1.0,1169,"tags=76%, list=66%, signal=216%",
RUNX1 REGULATES TRANSCRIPTION OF GENES INVOLVED IN DIFFERENTIATION OF HSCS%REACTOME%R-HSA-8939236.1,RUNX1 REGULATES TRANSCRIPTION OF GENES INVOLVED IN DIFFERENTIATION OF HSCS%REACTOME%R-HSA-8939236.1,,17,-0.19717096,-0.9806329,0.4710579,0.7150987,1.0,281,"tags=35%, list=16%, signal=42%",
CELLULAR DEFENSE RESPONSE%GOBP%GO:0006968,CELLULAR DEFENSE RESPONSE%GOBP%GO:0006968,,25,-0.16445461,-0.9733876,0.4595661,0.7244529,1.0,1418,"tags=96%, list=80%, signal=470%",
POSITIVE REGULATION OF NF-KAPPAB TRANSCRIPTION FACTOR ACTIVITY%GOBP%GO:0051092,POSITIVE REGULATION OF NF-KAPPAB TRANSCRIPTION FACTOR ACTIVITY%GOBP%GO:0051092,,34,-0.13912334,-0.9648473,0.469428,0.73665977,1.0,1169,"tags=79%, list=66%, signal=228%",
FORMATION OF THE CORNIFIED ENVELOPE%REACTOME DATABASE ID RELEASE 83%6809371,FORMATION OF THE CORNIFIED ENVELOPE%REACTOME DATABASE ID RELEASE 83%6809371,,34,-0.1366582,-0.9625208,0.4979253,0.736316,1.0,442,"tags=38%, list=25%, signal=50%",
POSITIVE REGULATION OF LEUKOCYTE MIGRATION%GOBP%GO:0002687,POSITIVE REGULATION OF LEUKOCYTE MIGRATION%GOBP%GO:0002687,,32,-0.14736235,-0.96048933,0.47870183,0.7353465,1.0,1298,"tags=88%, list=73%, signal=319%",
HETEROCYCLE CATABOLIC PROCESS%GOBP%GO:0046700,HETEROCYCLE CATABOLIC PROCESS%GOBP%GO:0046700,,28,-0.15102975,-0.9526219,0.504931,0.7460378,1.0,625,"tags=50%, list=35%, signal=76%",
ER-PHAGOSOME PATHWAY%REACTOME%R-HSA-1236974.4,ER-PHAGOSOME PATHWAY%REACTOME%R-HSA-1236974.4,,30,-0.14478809,-0.9478219,0.50289017,0.75066936,1.0,281,"tags=30%, list=16%, signal=35%",
REGULATION OF MONONUCLEAR CELL MIGRATION%GOBP%GO:0071675,REGULATION OF MONONUCLEAR CELL MIGRATION%GOBP%GO:0071675,,30,-0.1471936,-0.9464424,0.49506903,0.748455,1.0,632,"tags=50%, list=36%, signal=76%",
HALLMARK_UV_RESPONSE_UP%MSIGDBHALLMARK%HALLMARK_UV_RESPONSE_UP,HALLMARK_UV_RESPONSE_UP%MSIGDBHALLMARK%HALLMARK_UV_RESPONSE_UP,,15,-0.20249858,-0.9429894,0.5068226,0.7502608,1.0,710,"tags=60%, list=40%, signal=99%",
COGNITION%GOBP%GO:0050890,COGNITION%GOBP%GO:0050890,,16,-0.20113637,-0.9355911,0.5349794,0.75998557,1.0,1201,"tags=88%, list=68%, signal=268%",
MONONUCLEAR CELL MIGRATION%GOBP%GO:0071674,MONONUCLEAR CELL MIGRATION%GOBP%GO:0071674,,31,-0.14123292,-0.9337079,0.48812094,0.758808,1.0,41,"tags=16%, list=2%, signal=16%",
ANTIGEN PROCESSING-CROSS PRESENTATION%REACTOME DATABASE ID RELEASE 83%1236975,ANTIGEN PROCESSING-CROSS PRESENTATION%REACTOME DATABASE ID RELEASE 83%1236975,,37,-0.13225986,-0.93000925,0.5143443,0.76132977,1.0,1115,"tags=76%, list=63%, signal=199%",
T-CELL ACTIVATION SARS-COV-2%WIKIPATHWAYS_20220510%WP5098%HOMO SAPIENS,T-CELL ACTIVATION SARS-COV-2%WIKIPATHWAYS_20220510%WP5098%HOMO SAPIENS,,22,-0.1705712,-0.926746,0.51153845,0.76277715,1.0,832,"tags=64%, list=47%, signal=118%",
T CELL RECEPTOR SIGNALING PATHWAY%SMPDB%SMP0066977,T CELL RECEPTOR SIGNALING PATHWAY%SMPDB%SMP0066977,,19,-0.17224339,-0.912495,0.5557769,0.78573644,1.0,1007,"tags=74%, list=57%, signal=168%",
ASSEMBLY OF THE PRE-REPLICATIVE COMPLEX%REACTOME DATABASE ID RELEASE 83%68867,ASSEMBLY OF THE PRE-REPLICATIVE COMPLEX%REACTOME DATABASE ID RELEASE 83%68867,,18,-0.17747445,-0.9106741,0.55714285,0.7842913,1.0,281,"tags=33%, list=16%, signal=39%",
REGULATION OF PROTEIN KINASE B SIGNALING%GOBP%GO:0051896,REGULATION OF PROTEIN KINASE B SIGNALING%GOBP%GO:0051896,,22,-0.16383334,-0.9101746,0.5604839,0.7803794,1.0,1086,"tags=77%, list=61%, signal=196%",
POSITIVE REGULATION OF INTERLEUKIN-8 PRODUCTION%GOBP%GO:0032757,POSITIVE REGULATION OF INTERLEUKIN-8 PRODUCTION%GOBP%GO:0032757,,17,-0.18743946,-0.9096994,0.56772906,0.77651215,1.0,716,"tags=59%, list=40%, signal=98%",
REGULATION OF CELL ADHESION MEDIATED BY INTEGRIN%GOBP%GO:0033628,REGULATION OF CELL ADHESION MEDIATED BY INTEGRIN%GOBP%GO:0033628,,15,-0.19522998,-0.90850425,0.5544355,0.7740508,1.0,1078,"tags=80%, list=61%, signal=202%",
ENDOSOMAL TRANSPORT%GOBP%GO:0016197,ENDOSOMAL TRANSPORT%GOBP%GO:0016197,,19,-0.17487948,-0.9065315,0.5488281,0.77284735,1.0,535,"tags=47%, list=30%, signal=67%",
NEGATIVE REGULATION OF VIRAL PROCESS%GOBP%GO:0048525,NEGATIVE REGULATION OF VIRAL PROCESS%GOBP%GO:0048525,,23,-0.15595636,-0.89657176,0.5858586,0.7872772,1.0,577,"tags=48%, list=32%, signal=70%",
PROTEIN COMPLEX OLIGOMERIZATION%GOBP%GO:0051259,PROTEIN COMPLEX OLIGOMERIZATION%GOBP%GO:0051259,,22,-0.15911683,-0.8946449,0.5779093,0.78606945,1.0,1175,"tags=82%, list=66%, signal=239%",
POSITIVE REGULATION OF MONOATOMIC ION TRANSPORT%GOBP%GO:0043270,POSITIVE REGULATION OF MONOATOMIC ION TRANSPORT%GOBP%GO:0043270,,24,-0.15182655,-0.8932793,0.5815739,0.78386647,1.0,401,"tags=38%, list=23%, signal=48%",
POSITIVE REGULATION OF GTPASE ACTIVITY%GOBP%GO:0043547,POSITIVE REGULATION OF GTPASE ACTIVITY%GOBP%GO:0043547,,24,-0.15410967,-0.89324033,0.5772532,0.779241,1.0,27,"tags=17%, list=2%, signal=17%",
IL12-MEDIATED SIGNALING EVENTS%PATHWAY INTERACTION DATABASE NCI-NATURE CURATED DATA%IL12-MEDIATED SIGNALING EVENTS,IL12-MEDIATED SIGNALING EVENTS%PATHWAY INTERACTION DATABASE NCI-NATURE CURATED DATA%IL12-MEDIATED SIGNALING EVENTS,,25,-0.14887498,-0.88505274,0.5873016,0.78998375,1.0,948,"tags=68%, list=53%, signal=144%",
MAPK CASCADE%GOBP%GO:0000165,MAPK CASCADE%GOBP%GO:0000165,,20,-0.16890664,-0.8819138,0.598,0.790909,1.0,1214,"tags=85%, list=68%, signal=266%",
ALPHA-BETA T CELL ACTIVATION%GOBP%GO:0046631,ALPHA-BETA T CELL ACTIVATION%GOBP%GO:0046631,,24,-0.15011422,-0.8794076,0.5792683,0.79095876,1.0,330,"tags=33%, list=19%, signal=40%",
GOLGI VESICLE TRANSPORT%GOBP%GO:0048193,GOLGI VESICLE TRANSPORT%GOBP%GO:0048193,,16,-0.18465912,-0.8779535,0.61569417,0.7890114,1.0,786,"tags=63%, list=44%, signal=111%",
INNATE IMMUNE RESPONSE%GOBP%GO:0045087,INNATE IMMUNE RESPONSE%GOBP%GO:0045087,,103,-0.07655591,-0.87710977,0.59356135,0.78604066,1.0,873,"tags=56%, list=49%, signal=104%",
POSITIVE REGULATION OF INTERLEUKIN-1 PRODUCTION%GOBP%GO:0032732,POSITIVE REGULATION OF INTERLEUKIN-1 PRODUCTION%GOBP%GO:0032732,,26,-0.14408794,-0.87521774,0.59884834,0.7849474,1.0,1115,"tags=77%, list=63%, signal=204%",
REGULATION OF T CELL MEDIATED IMMUNITY%GOBP%GO:0002709,REGULATION OF T CELL MEDIATED IMMUNITY%GOBP%GO:0002709,,24,-0.14897266,-0.8723014,0.60818714,0.78570074,1.0,406,"tags=38%, list=23%, signal=48%",
POSITIVE REGULATION OF ERK1 AND ERK2 CASCADE%GOBP%GO:0070374,POSITIVE REGULATION OF ERK1 AND ERK2 CASCADE%GOBP%GO:0070374,,31,-0.13086231,-0.87063694,0.63817096,0.784189,1.0,632,"tags=48%, list=36%, signal=74%",
POSITIVE REGULATION OF IMMUNE EFFECTOR PROCESS%GOBP%GO:0002699,POSITIVE REGULATION OF IMMUNE EFFECTOR PROCESS%GOBP%GO:0002699,,58,-0.09762735,-0.86934656,0.60474306,0.78216606,1.0,905,"tags=60%, list=51%, signal=119%",
CELLULAR RESPONSE TO TYPE II INTERFERON%GOBP%GO:0071346,CELLULAR RESPONSE TO TYPE II INTERFERON%GOBP%GO:0071346,,26,-0.14127484,-0.86743027,0.61013645,0.78113776,1.0,27,"tags=15%, list=2%, signal=15%",
BIOLOGICAL PROCESS INVOLVED IN INTERACTION WITH SYMBIONT%GOBP%GO:0051702,BIOLOGICAL PROCESS INVOLVED IN INTERACTION WITH SYMBIONT%GOBP%GO:0051702,,17,-0.17493235,-0.86389035,0.6226804,0.7830603,1.0,738,"tags=59%, list=42%, signal=100%",
INTERFERON GAMMA SIGNALING%REACTOME%R-HSA-877300.5,INTERFERON GAMMA SIGNALING%REACTOME%R-HSA-877300.5,,34,-0.12375888,-0.85391706,0.6680761,0.79639685,1.0,360,"tags=32%, list=20%, signal=40%",
AROMATIC COMPOUND CATABOLIC PROCESS%GOBP%GO:0019439,AROMATIC COMPOUND CATABOLIC PROCESS%GOBP%GO:0019439,,29,-0.1335886,-0.84513927,0.65173113,0.8075821,1.0,625,"tags=48%, list=35%, signal=73%",
REGULATION OF SEQUESTERING OF CALCIUM ION%GOBP%GO:0051282,REGULATION OF SEQUESTERING OF CALCIUM ION%GOBP%GO:0051282,,19,-0.16622233,-0.83783287,0.64092666,0.81605667,1.0,1298,"tags=89%, list=73%, signal=329%",
POSITIVE REGULATION OF IMMUNE SYSTEM PROCESS%GOBP%GO:0002684,POSITIVE REGULATION OF IMMUNE SYSTEM PROCESS%GOBP%GO:0002684,,241,-0.049587157,-0.82507557,0.68939394,0.83394206,1.0,905,"tags=55%, list=51%, signal=97%",
SKIN DEVELOPMENT%GOBP%GO:0043588,SKIN DEVELOPMENT%GOBP%GO:0043588,,38,-0.114166215,-0.82246935,0.69135803,0.83409345,1.0,971,"tags=66%, list=55%, signal=142%",
INTERLEUKIN-10 SIGNALING%REACTOME DATABASE ID RELEASE 83%6783783,INTERLEUKIN-10 SIGNALING%REACTOME DATABASE ID RELEASE 83%6783783,,18,-0.16590829,-0.81885684,0.6933868,0.8357443,1.0,104,"tags=22%, list=6%, signal=23%",
REGULATION OF LEUKOCYTE MEDIATED CYTOTOXICITY%GOBP%GO:0001910,REGULATION OF LEUKOCYTE MEDIATED CYTOTOXICITY%GOBP%GO:0001910,,28,-0.13067997,-0.8171405,0.6882591,0.83411837,1.0,280,"tags=29%, list=16%, signal=33%",
REGULATION OF LEUKOCYTE MIGRATION%GOBP%GO:0002685,REGULATION OF LEUKOCYTE MIGRATION%GOBP%GO:0002685,,42,-0.11023229,-0.813356,0.6779324,0.8363297,1.0,1459,"tags=93%, list=82%, signal=508%",
REGULATION OF CYTOKINE PRODUCTION INVOLVED IN IMMUNE RESPONSE%GOBP%GO:0002718,REGULATION OF CYTOKINE PRODUCTION INVOLVED IN IMMUNE RESPONSE%GOBP%GO:0002718,,23,-0.14504334,-0.80865467,0.69313306,0.83998084,1.0,905,"tags=65%, list=51%, signal=131%",
HALLMARK_INFLAMMATORY_RESPONSE%MSIGDBHALLMARK%HALLMARK_INFLAMMATORY_RESPONSE,HALLMARK_INFLAMMATORY_RESPONSE%MSIGDBHALLMARK%HALLMARK_INFLAMMATORY_RESPONSE,,36,-0.115708776,-0.8065048,0.67701864,0.83900267,1.0,1329,"tags=86%, list=75%, signal=335%",
REGULATION OF LYMPHOCYTE MIGRATION%GOBP%GO:2000401,REGULATION OF LYMPHOCYTE MIGRATION%GOBP%GO:2000401,,18,-0.15358369,-0.8063616,0.69709545,0.8348018,1.0,27,"tags=17%, list=2%, signal=17%",
RESPONSE TO INORGANIC SUBSTANCE%GOBP%GO:0010035,RESPONSE TO INORGANIC SUBSTANCE%GOBP%GO:0010035,,42,-0.10570104,-0.7950098,0.7411765,0.84931374,1.0,1340,"tags=86%, list=75%, signal=341%",
ORGANIC CYCLIC COMPOUND CATABOLIC PROCESS%GOBP%GO:1901361,ORGANIC CYCLIC COMPOUND CATABOLIC PROCESS%GOBP%GO:1901361,,32,-0.119552664,-0.79214495,0.74404764,0.8496964,1.0,625,"tags=47%, list=35%, signal=71%",
CELLULAR SENESCENCE%REACTOME DATABASE ID RELEASE 83%2559583,CELLULAR SENESCENCE%REACTOME DATABASE ID RELEASE 83%2559583,,15,-0.16819991,-0.7920603,0.7148594,0.8453852,1.0,60,"tags=20%, list=3%, signal=21%",
RESPONSE TO EXTERNAL STIMULUS%GOBP%GO:0009605,RESPONSE TO EXTERNAL STIMULUS%GOBP%GO:0009605,,268,-0.0457654,-0.7914867,0.7083333,0.8418768,1.0,873,"tags=53%, list=49%, signal=88%",
INTERFERON ALPHA BETA SIGNALING%REACTOME%R-HSA-909733.7,INTERFERON ALPHA BETA SIGNALING%REACTOME%R-HSA-909733.7,,23,-0.13973573,-0.78399915,0.71656686,0.8494566,1.0,451,"tags=39%, list=25%, signal=52%",
HALLMARK_ALLOGRAFT_REJECTION%MSIGDBHALLMARK%HALLMARK_ALLOGRAFT_REJECTION,HALLMARK_ALLOGRAFT_REJECTION%MSIGDBHALLMARK%HALLMARK_ALLOGRAFT_REJECTION,,75,-0.07741327,-0.7788097,0.7387755,0.8533863,1.0,1077,"tags=68%, list=61%, signal=165%",
REGULATION OF CELL KILLING%GOBP%GO:0031341,REGULATION OF CELL KILLING%GOBP%GO:0031341,,32,-0.1181192,-0.77287966,0.7352342,0.858234,1.0,905,"tags=63%, list=51%, signal=125%",
SARS-COV-1-HOST INTERACTIONS%REACTOME%R-HSA-9692914.1,SARS-COV-1-HOST INTERACTIONS%REACTOME%R-HSA-9692914.1,,15,-0.16388416,-0.76623213,0.7791411,0.8641598,1.0,778,"tags=60%, list=44%, signal=106%",
REGULATION OF NEURON PROJECTION DEVELOPMENT%GOBP%GO:0010975,REGULATION OF NEURON PROJECTION DEVELOPMENT%GOBP%GO:0010975,,27,-0.121275745,-0.76251054,0.78346455,0.8654055,1.0,644,"tags=48%, list=36%, signal=74%",
RESPONSE TO TYPE II INTERFERON%GOBP%GO:0034341,RESPONSE TO TYPE II INTERFERON%GOBP%GO:0034341,,33,-0.10859006,-0.7614225,0.740519,0.8627652,1.0,27,"tags=12%, list=2%, signal=12%",
CELLULAR RESPONSE TO ORGANIC CYCLIC COMPOUND%GOBP%GO:0071407,CELLULAR RESPONSE TO ORGANIC CYCLIC COMPOUND%GOBP%GO:0071407,,34,-0.10738151,-0.7493332,0.7567568,0.87652904,1.0,493,"tags=38%, list=28%, signal=52%",
RESPONSE TO LIGHT STIMULUS%GOBP%GO:0009416,RESPONSE TO LIGHT STIMULUS%GOBP%GO:0009416,,18,-0.14315513,-0.73999476,0.8040816,0.8861599,1.0,1032,"tags=72%, list=58%, signal=171%",
INNATE IMMUNE RESPONSE ACTIVATING CELL SURFACE RECEPTOR SIGNALING PATHWAY%GOBP%GO:0002220,INNATE IMMUNE RESPONSE ACTIVATING CELL SURFACE RECEPTOR SIGNALING PATHWAY%GOBP%GO:0002220,,20,-0.13690212,-0.72113246,0.8385214,0.9090077,1.0,915,"tags=65%, list=52%, signal=133%",
DEFENSE RESPONSE TO VIRUS%GOBP%GO:0051607,DEFENSE RESPONSE TO VIRUS%GOBP%GO:0051607,,42,-0.09367274,-0.72104204,0.8064516,0.90465176,1.0,1530,"tags=95%, list=86%, signal=671%",
NEGATIVE REGULATION OF ENDOPEPTIDASE ACTIVITY%GOBP%GO:0010951,NEGATIVE REGULATION OF ENDOPEPTIDASE ACTIVITY%GOBP%GO:0010951,,30,-0.11053838,-0.72065854,0.82244897,0.90068424,1.0,104,"tags=17%, list=6%, signal=17%",
MULTICELLULAR ORGANISMAL REPRODUCTIVE PROCESS%GOBP%GO:0048609,MULTICELLULAR ORGANISMAL REPRODUCTIVE PROCESS%GOBP%GO:0048609,,17,-0.14530317,-0.7096843,0.8382643,0.9112801,1.0,1208,"tags=82%, list=68%, signal=255%",
REGULATION OF ERK1 AND ERK2 CASCADE%GOBP%GO:0070372,REGULATION OF ERK1 AND ERK2 CASCADE%GOBP%GO:0070372,,42,-0.09309567,-0.7077218,0.86270493,0.909476,1.0,51,"tags=12%, list=3%, signal=12%",
CHROMATIN ORGANIZATION%GOBP%GO:0006325,CHROMATIN ORGANIZATION%GOBP%GO:0006325,,24,-0.119863056,-0.70240635,0.8272921,0.9118605,1.0,827,"tags=58%, list=47%, signal=108%",
DEFENSE RESPONSE TO SYMBIONT%GOBP%GO:0140546,DEFENSE RESPONSE TO SYMBIONT%GOBP%GO:0140546,,42,-0.09367274,-0.6973978,0.84817815,0.91388506,1.0,1530,"tags=95%, list=86%, signal=671%",
DNA REPAIR%REACTOME%R-HSA-73894.3,DNA REPAIR%REACTOME%R-HSA-73894.3,,18,-0.13481236,-0.6895572,0.84108526,0.9190367,1.0,60,"tags=17%, list=3%, signal=17%",
POSITIVE REGULATION OF T CELL PROLIFERATION%GOBP%GO:0042102,POSITIVE REGULATION OF T CELL PROLIFERATION%GOBP%GO:0042102,,25,-0.11552268,-0.6730139,0.8666667,0.9340318,1.0,296,"tags=28%, list=17%, signal=33%",
RESPONSE TO REACTIVE OXYGEN SPECIES%GOBP%GO:0000302,RESPONSE TO REACTIVE OXYGEN SPECIES%GOBP%GO:0000302,,17,-0.12965256,-0.6374479,0.8630137,0.96760774,1.0,1340,"tags=88%, list=75%, signal=356%",
NEGATIVE REGULATION OF PEPTIDASE ACTIVITY%GOBP%GO:0010466,NEGATIVE REGULATION OF PEPTIDASE ACTIVITY%GOBP%GO:0010466,,34,-0.09080146,-0.63011116,0.90909094,0.9698339,1.0,104,"tags=15%, list=6%, signal=15%",
REACTIVE OXYGEN SPECIES METABOLIC PROCESS%GOBP%GO:0072593,REACTIVE OXYGEN SPECIES METABOLIC PROCESS%GOBP%GO:0072593,,17,-0.13078958,-0.62551844,0.9124514,0.9692454,1.0,1338,"tags=88%, list=75%, signal=354%",
REGULATION OF MYELOID LEUKOCYTE DIFFERENTIATION%GOBP%GO:0002761,REGULATION OF MYELOID LEUKOCYTE DIFFERENTIATION%GOBP%GO:0002761,,25,-0.10652207,-0.6159307,0.9275654,0.9731592,1.0,738,"tags=52%, list=42%, signal=88%",
INTRACELLULAR RECEPTOR SIGNALING PATHWAY%GOBP%GO:0030522,INTRACELLULAR RECEPTOR SIGNALING PATHWAY%GOBP%GO:0030522,,15,-0.13049406,-0.61246693,0.92885375,0.971486,1.0,600,"tags=47%, list=34%, signal=70%",
NEGATIVE REGULATION OF LYMPHOCYTE PROLIFERATION%GOBP%GO:0050672,NEGATIVE REGULATION OF LYMPHOCYTE PROLIFERATION%GOBP%GO:0050672,,20,-0.11287017,-0.6110189,0.92677826,0.96819246,1.0,1490,"tags=95%, list=84%, signal=583%",
NEGATIVE REGULATION OF MONONUCLEAR CELL PROLIFERATION%GOBP%GO:0032945,NEGATIVE REGULATION OF MONONUCLEAR CELL PROLIFERATION%GOBP%GO:0032945,,20,-0.11287017,-0.6109964,0.9383698,0.9637457,1.0,1490,"tags=95%, list=84%, signal=583%",
POSITIVE REGULATION OF CATION TRANSMEMBRANE TRANSPORT%GOBP%GO:1904064,POSITIVE REGULATION OF CATION TRANSMEMBRANE TRANSPORT%GOBP%GO:1904064,,15,-0.12606475,-0.6096795,0.9461538,0.9603713,1.0,963,"tags=67%, list=54%, signal=144%",
CALCIUM ION TRANSPORT%GOBP%GO:0006816,CALCIUM ION TRANSPORT%GOBP%GO:0006816,,24,-0.10331053,-0.60498077,0.9215292,0.9594745,1.0,1078,"tags=71%, list=61%, signal=178%",
NEGATIVE REGULATION OF LEUKOCYTE PROLIFERATION%GOBP%GO:0070664,NEGATIVE REGULATION OF LEUKOCYTE PROLIFERATION%GOBP%GO:0070664,,20,-0.11287017,-0.6016538,0.92621356,0.9576011,1.0,1490,"tags=95%, list=84%, signal=583%",
REGULATION OF CALCIUM-MEDIATED SIGNALING%GOBP%GO:0050848,REGULATION OF CALCIUM-MEDIATED SIGNALING%GOBP%GO:0050848,,17,-0.11962024,-0.59069276,0.93439364,0.96098334,1.0,104,"tags=18%, list=6%, signal=19%",
CELLULAR RESPONSE TO HORMONE STIMULUS%GOBP%GO:0032870,CELLULAR RESPONSE TO HORMONE STIMULUS%GOBP%GO:0032870,,32,-0.083715595,-0.56058353,0.964,0.97482073,1.0,1631,"tags=100%, list=92%, signal=1203%",
LEUKOCYTE CELL-CELL ADHESION%GOBP%GO:0007159,LEUKOCYTE CELL-CELL ADHESION%GOBP%GO:0007159,,22,-0.0985799,-0.5512062,0.96825397,0.97514635,1.0,1039,"tags=68%, list=59%, signal=162%",
SECOND-MESSENGER-MEDIATED SIGNALING%GOBP%GO:0019932,SECOND-MESSENGER-MEDIATED SIGNALING%GOBP%GO:0019932,,22,-0.09588477,-0.53049386,0.9709865,0.97934467,1.0,963,"tags=64%, list=54%, signal=137%",